{
  "__typename": "integration",
  "id": "ec8e7d9f-784b-48a2-9de9-0ff457cb2f58",
  "name": "fsml",
  "subtype": null,
  "includeUserIdHeader": true,
  "includeUsernameHeader": true,
  "uniqueIdentifier": "fsml",
  "includeLabIdHeader": true,
  "includeProjectIdHeader": true,
  "includeAuthTokenHeader": true,
  "integrationTypeCode": "API_INTEGRATION",
  "integrationHeaders": [],
  "integrationEndpoints": [
    {
      "endpointTypeCode": "API_INTEGRATION",
      "externalRecordType": null,
      "url": "node-red://fsml/api_integration",
      "integrationEndpointHeaders": []
    }
  ],
  "tgNodeRedFlow": [
    {
      "id": "XsglbV5MjYt",
      "type": "tab",
      "label": "fsml - fsml"
    },
    {
      "id": "CqxnD6iMYf3",
      "type": "http in",
      "z": "XsglbV5MjYt",
      "name": "Integration Exposed via TeselaGen API",
      "url": "/fsml/api_integration",
      "method": "post",
      "upload": false,
      "swaggerDoc": "",
      "x": 170,
      "y": 180,
      "wires": [
        [
          "0f5ddff54168ac4d"
        ]
      ]
    },
    {
      "id": "ajCIY0z7Jke",
      "type": "function",
      "z": "XsglbV5MjYt",
      "name": "Prepare Data Grid Body",
      "func": "const fetch = global.get(\"fetch\")\n\nconst baseUrl = \"https://biomade.teselagen.com\"\nconst cliToken = msg.req.headers[\"x-tg-auth-token\"];\nconst labId = msg.req.headers[\"x-tg-lab-id\"];\nconst projectId = msg.req.headers[\"x-tg-project-id\"];\n\nconst headers = {\n    \"x-tg-cli-token\": cliToken,\n    \"tg-active-lab-id\": labId\n    // \"tg-project-id\": projectId\n}\n\nasync function uploadDataCsv(csvFile) {\n    const _headers = {\n        \"Content-Type\": \"multipart/form-data; boundary=------------------------d74496d66958873e\",\n        ...headers\n\n    };\n\n    const payload =\n        \"--------------------------d74496d66958873e\\r\\n\" +\n        'Content-Disposition: form-data; name=\"select\"\\r\\n' +\n        \"\\r\\n\" +\n        \"true\\r\\n\" +\n        \"--------------------------d74496d66958873e\\r\\n\" +\n        'Content-Disposition: form-data; name=\"print\"\\r\\n' +\n        \"\\r\\n\" +\n        \"true\\r\\n\" +\n        \"--------------------------d74496d66958873e\\r\\n\" +\n        'Content-Disposition: form-data; name=\"file\"; filename=\"' +\n        csvFile.originalname +\n        '\"\\r\\n' +\n        \"Content-Type: application/octet-stream\\r\\n\" +\n        \"\\r\\n\" +\n        csvFile.buffer +\n        \"\\r\\n\" +\n        \"--------------------------d74496d66958873e--\\r\\n\";\n\n    const result = await fetch(`${baseUrl}/test/cli-api/files`, {\n        method: \"POST\",\n        body: payload,\n        headers: _headers,\n    });\n    const resultData = await result.json();\n    return resultData;\n}\n\nasync function importFile(dataBuffer) {\n    const csvFile = {\n        originalname: \"fsml-data.csv\",\n        buffer: dataBuffer\n    }\n    const results = await uploadDataCsv(csvFile)\n    return results.id\n\n}\n\nasync function getDataGridRecord({ data: dataGrid, file }) {\n    const importFileSetId = await importFile(file.data)\n    return { ...dataGrid, importFileSetId }\n}\n\n\n(async () => {\n    const dataGrid = await getDataGridRecord(msg.payload);\n\n    msg.headers = {\n        \"Content-Type\": \"application/json\",\n        ...headers\n    };\n\n    msg.url = `${baseUrl}/test/cli-api/data-grids`\n\n    msg.payload = dataGrid\n\n    // Send output msg\n    node.send(msg);\n    node.done();\n})();\nreturn;",
      "outputs": 1,
      "noerr": 0,
      "initialize": "",
      "finalize": "",
      "libs": [],
      "x": 670,
      "y": 180,
      "wires": [
        [
          "PilQncIlqv_"
        ]
      ]
    },
    {
      "id": "wwBpmLZG8b3",
      "type": "http response",
      "z": "XsglbV5MjYt",
      "name": "Response",
      "statusCode": "",
      "headers": {},
      "x": 1120,
      "y": 180,
      "wires": []
    },
    {
      "id": "PilQncIlqv_",
      "type": "http request",
      "z": "XsglbV5MjYt",
      "name": "POST /data-grids",
      "method": "POST",
      "ret": "obj",
      "paytoqs": "ignore",
      "url": "",
      "tls": "",
      "persist": false,
      "proxy": "",
      "authType": "",
      "senderr": false,
      "x": 910,
      "y": 180,
      "wires": [
        [
          "wwBpmLZG8b3"
        ]
      ]
    },
    {
      "id": "0f5ddff54168ac4d",
      "type": "function",
      "z": "XsglbV5MjYt",
      "name": "FSML --> TG",
      "func": "// The tgExporter npm package exports an object\n// that complies with the FSML Plugin Exporter Interface\nconst tgExporter = global.get(\"tgExporter\")\n\nconst { manifest } = msg.payload\n\nmsg.payload = tgExporter.run(manifest)\n\nreturn msg;",
      "outputs": 1,
      "noerr": 0,
      "initialize": "",
      "finalize": "",
      "libs": [],
      "x": 450,
      "y": 180,
      "wires": [
        [
          "ajCIY0z7Jke"
        ]
      ]
    }
  ]
}
