{
  "__typename": "integration",
  "id": "f1998f77-9c37-43e9-b7e9-b37b370419f4",
  "name": "fsml",
  "subtype": null,
  "includeUserIdHeader": true,
  "includeUsernameHeader": true,
  "uniqueIdentifier": "fsml",
  "includeLabIdHeader": true,
  "includeProjectIdHeader": true,
  "includeAuthTokenHeader": true,
  "integrationTypeCode": "API_INTEGRATION",
  "integrationHeaders": [],
  "integrationEndpoints": [
    {
      "endpointTypeCode": "API_INTEGRATION",
      "externalRecordType": null,
      "url": "node-red://fsml/api_integration",
      "integrationEndpointHeaders": []
    }
  ],
  "tgNodeRedFlow": [
    {
      "id": "S6QJQFpvgpX",
      "type": "tab",
      "label": "fsml - fsml"
    },
    {
      "id": "LYAWWThb45o",
      "type": "http in",
      "z": "S6QJQFpvgpX",
      "name": "Integration Exposed via TeselaGen API",
      "url": "/fsml/api_integration",
      "method": "post",
      "upload": false,
      "swaggerDoc": "",
      "x": 150,
      "y": 180,
      "wires": [
        [
          "3ZDxPuv9wUI"
        ]
      ]
    },
    {
      "id": "9K4VgZWniy-",
      "type": "function",
      "z": "S6QJQFpvgpX",
      "name": "Prepare Data Grid Body",
      "func": "const fetch = global.get(\"fetch\")\n\nconst baseUrl = \"https://biomade.teselagen.com\"\nconst cliToken = msg.req.headers[\"x-tg-auth-token\"];\nconst labId = msg.req.headers[\"x-tg-lab-id\"];\nconst projectId = msg.req.headers[\"x-tg-project-id\"];\n\nconst headers = {\n    \"x-tg-cli-token\": cliToken\n}\n\nasync function uploadDataCsv(csvFile) {\n    const _headers = {\n        \"Content-Type\": \"multipart/form-data; boundary=------------------------d74496d66958873e\",\n        ...headers\n\n    };\n\n    const payload =\n        \"--------------------------d74496d66958873e\\r\\n\" +\n        'Content-Disposition: form-data; name=\"select\"\\r\\n' +\n        \"\\r\\n\" +\n        \"true\\r\\n\" +\n        \"--------------------------d74496d66958873e\\r\\n\" +\n        'Content-Disposition: form-data; name=\"print\"\\r\\n' +\n        \"\\r\\n\" +\n        \"true\\r\\n\" +\n        \"--------------------------d74496d66958873e\\r\\n\" +\n        'Content-Disposition: form-data; name=\"file\"; filename=\"' +\n        csvFile.originalname +\n        '\"\\r\\n' +\n        \"Content-Type: application/octet-stream\\r\\n\" +\n        \"\\r\\n\" +\n        csvFile.buffer +\n        \"\\r\\n\" +\n        \"--------------------------d74496d66958873e--\\r\\n\";\n\n    const result = await fetch(`${baseUrl}/test/cli-api/files`, {\n        method: \"POST\",\n        body: payload,\n        headers: _headers,\n    });\n    const resultData = await result.json();\n    return resultData;\n}\n\nasync function importFile(dataBuffer) {\n    const csvFile = {\n        originalname: \"fsml-data.csv\",\n        buffer: dataBuffer\n    }\n    const results = await uploadDataCsv(csvFile)\n    return results.id\n\n}\n\nasync function getDataGridRecord({ data: dataGrid, file }) {\n    const importFileSetId = await importFile(file)\n    return { ...dataGrid, importFileSetId }\n}\n\n\n(async () => {\n    const dataGrid = await getDataGridRecord(msg.payload);\n\n    msg.headers = {\n        \"Content-Type\": \"application/json\",\n        ...headers\n    };\n\n    msg.url = `${baseUrl}/test/cli-api/data-grids`\n\n    msg.payload = dataGrid\n\n    // Send output msg\n    node.send(msg);\n    node.done();\n})();\nreturn;",
      "outputs": 1,
      "noerr": 0,
      "initialize": "",
      "finalize": "",
      "libs": [],
      "x": 650,
      "y": 180,
      "wires": [
        [
          "L4qcfRSjdid",
          "67863ccd7c896b0d"
        ]
      ]
    },
    {
      "id": "nLgLmV--67O",
      "type": "http response",
      "z": "S6QJQFpvgpX",
      "name": "Response",
      "statusCode": "",
      "headers": {},
      "x": 1120,
      "y": 180,
      "wires": []
    },
    {
      "id": "L4qcfRSjdid",
      "type": "http request",
      "z": "S6QJQFpvgpX",
      "name": "POST /data-grids",
      "method": "POST",
      "ret": "obj",
      "paytoqs": "ignore",
      "url": "",
      "tls": "",
      "persist": false,
      "proxy": "",
      "authType": "",
      "senderr": false,
      "x": 910,
      "y": 180,
      "wires": [
        [
          "nLgLmV--67O"
        ]
      ]
    },
    {
      "id": "3ZDxPuv9wUI",
      "type": "function",
      "z": "S6QJQFpvgpX",
      "name": "FSML --> TG",
      "func": "// The tgExporter npm package exports an object\n// that complies with the FSML Plugin Exporter Interface\nconst tgExporter = global.get(\"tgExporter\")\n\nconst { manifest } = msg.payload\n\nmsg.payload = tgExporter.run(manifest)\n\nreturn msg;",
      "outputs": 1,
      "noerr": 0,
      "initialize": "",
      "finalize": "",
      "libs": [],
      "x": 410,
      "y": 180,
      "wires": [
        [
          "9K4VgZWniy-",
          "c138ae59c931f98e"
        ]
      ]
    },
    {
      "id": "c138ae59c931f98e",
      "type": "debug",
      "z": "S6QJQFpvgpX",
      "name": "",
      "active": true,
      "tosidebar": true,
      "console": false,
      "tostatus": false,
      "complete": "false",
      "statusVal": "",
      "statusType": "auto",
      "x": 610,
      "y": 100,
      "wires": []
    },
    {
      "id": "67863ccd7c896b0d",
      "type": "debug",
      "z": "S6QJQFpvgpX",
      "name": "",
      "active": true,
      "tosidebar": true,
      "console": false,
      "tostatus": false,
      "complete": "false",
      "statusVal": "",
      "statusType": "auto",
      "x": 870,
      "y": 100,
      "wires": []
    }
  ]
}